"S","p","r","F","model","npar","QAICc","DeltaQAICc","weight","Neg2LnL","chat"
"~ageclass * cond + ageclass * djfm + Sex","~time + ageclass","~ageclass","~1","S(~ageclass * cond + ageclass * djfm + Sex)p(~time + ageclass)r(~ageclass)F(~1)",33,5031.1397107319,0,0.63,6648.55,1.33923167422218
"~ageclass * cond + ageclass * djfm + Sex","~time + ageclass","~ageclass","~Sex + ageclass","S(~ageclass * cond + ageclass * djfm + Sex)p(~time + ageclass)r(~ageclass)F(~Sex + ageclass)",37,5033.28965530329,2.15,0.21,6640.48,1.33923167422218
"~ageclass * cond + ageclass * djfm + ageclass * Lprev","~time + ageclass","~ageclass","~1","S(~ageclass * cond + ageclass * djfm + ageclass * Lprev)p(~time + ageclass)r(~ageclass)F(~1)",36,5035.77774714344,4.64,0.06,6646.55,1.33923167422218
"~ageclass * cond + ageclass * djfm + ageclass * Hatch + Sex","~time + ageclass","~ageclass","~1","S(~ageclass * cond + ageclass * djfm + ageclass * Hatch + Sex)p(~time + ageclass)r(~ageclass)F(~1)",37,5037.79589579638,6.66,0.02,6646.51,1.33923167422218
"~ageclass * cond + ageclass * djfm + Sex","~time + ageclass","~ageclass","~Sex * ageclass","S(~ageclass * cond + ageclass * djfm + Sex)p(~time + ageclass)r(~ageclass)F(~Sex * ageclass)",40,5037.90299309587,6.76,0.02,6638.43,1.33923167422218
"~ageclass * cond + ageclass * djfm + Sex","~time + ageclass","~1","~Sex + ageclass","S(~ageclass * cond + ageclass * djfm + Sex)p(~time + ageclass)r(~1)F(~Sex + ageclass)",34,5038.89857731685,7.76,0.01,6656.21,1.33923167422218
"~ageclass * djfm + Sex","~time + ageclass","~ageclass","~Sex + ageclass","S(~ageclass * djfm + Sex)p(~time + ageclass)r(~ageclass)F(~Sex + ageclass)",33,5039.59157176377,8.45,0.01,6659.87,1.33923167422218
"~ageclass * cond + ageclass * djfm + ageclass * Hatch + Sex","~time + ageclass","~ageclass","~Sex + ageclass","S(~ageclass * cond + ageclass * djfm + ageclass * Hatch + Sex)p(~time + ageclass)r(~ageclass)F(~Sex + ageclass)",41,5040.70506391437,9.57,0.01,6639.43,1.33923167422218
"~ageclass * cond + djfm + ageclass * Lprev","~time + ageclass","~1","~Sex + ageclass","S(~ageclass * cond + djfm + ageclass * Lprev)p(~time + ageclass)r(~1)F(~Sex + ageclass)",34,5041.01232660645,9.87,0,6659.04,1.33923167422218
"~ageclass * djfm + Sex","~time + ageclass","~ageclass","~1","S(~ageclass * djfm + Sex)p(~time + ageclass)r(~ageclass)F(~1)",29,5041.21459417727,10.07,0,6672.96,1.33923167422218
"~ageclass * cond + djfm + ageclass * Lprev","~time + ageclass","~ageclass","~1","S(~ageclass * cond + djfm + ageclass * Lprev)p(~time + ageclass)r(~ageclass)F(~1)",33,5041.65678576164,10.52,0,6662.63,1.33923167422218
"~ageclass * cond + ageclass * djfm + ageclass * Lprev","~time + ageclass","~ageclass","~Sex + ageclass","S(~ageclass * cond + ageclass * djfm + ageclass * Lprev)p(~time + ageclass)r(~ageclass)F(~Sex + ageclass)",40,5041.82359929199,10.68,0,6643.68,1.33923167422218
"~ageclass * cond + ageclass * djfm + Sex","~time + ageclass","~1","~Sex * ageclass","S(~ageclass * cond + ageclass * djfm + Sex)p(~time + ageclass)r(~1)F(~Sex * ageclass)",37,5042.00704171575,10.87,0,6652.15,1.33923167422218
"~ageclass * cond + ageclass * djfm + ageclass * Hatch + Sex","~time + ageclass","~1","~Sex + ageclass","S(~ageclass * cond + ageclass * djfm + ageclass * Hatch + Sex)p(~time + ageclass)r(~1)F(~Sex + ageclass)",38,5042.65999417169,11.52,0,6650.29,1.33923167422218
"~ageclass * cond + ageclass * djfm + ageclass * Lprev","~time + ageclass","~1","~Sex + ageclass","S(~ageclass * cond + ageclass * djfm + ageclass * Lprev)p(~time + ageclass)r(~1)F(~Sex + ageclass)",37,5043.33153249218,12.19,0,6653.93,1.33923167422218
"~ageclass * cond + ageclass * djfm + Sex + Morph + ageclass * Lprev + ageclass * Ekto","~time + ageclass","~ageclass","~1","S(~ageclass * cond + ageclass * djfm + Sex + Morph + ageclass * Lprev + ageclass * Ekto)p(~time + ageclass)r(~ageclass)F(~1)",42,5043.71135051974,12.57,0,6640.71,1.33923167422218
"~ageclass * djfm + Sex","~time + ageclass","~ageclass","~Sex * ageclass","S(~ageclass * djfm + Sex)p(~time + ageclass)r(~ageclass)F(~Sex * ageclass)",36,5043.77419779953,12.63,0,6657.26,1.33923167422218
"~ageclass * cond + ageclass * djfm + ageclass * Hatch + Sex","~time + ageclass","~ageclass","~Sex * ageclass","S(~ageclass * cond + ageclass * djfm + ageclass * Hatch + Sex)p(~time + ageclass)r(~ageclass)F(~Sex * ageclass)",44,5045.00598200963,13.87,0,6636.94,1.33923167422218
"~ageclass * cond + ageclass * djfm + Sex + Morph + ageclass * Lprev + ageclass * Ekto","~time + ageclass","~ageclass","~Sex + ageclass","S(~ageclass * cond + ageclass * djfm + Sex + Morph + ageclass * Lprev + ageclass * Ekto)p(~time + ageclass)r(~ageclass)F(~Sex + ageclass)",46,5045.201466706,14.06,0,6631.7,1.33923167422218
"~ageclass * djfm + ageclass * Hatch + Sex","~time + ageclass","~ageclass","~Sex + ageclass","S(~ageclass * djfm + ageclass * Hatch + Sex)p(~time + ageclass)r(~ageclass)F(~Sex + ageclass)",37,5045.73746423798,14.6,0,6657.15,1.33923167422218
"~ageclass * cond + djfm + ageclass * Lprev","~time + ageclass","~ageclass","~Sex + ageclass","S(~ageclass * cond + djfm + ageclass * Lprev)p(~time + ageclass)r(~ageclass)F(~Sex + ageclass)",37,5046.16450013551,15.02,0,6657.72,1.33923167422218
"~ageclass * cond + ageclass * djfm + ageclass * Hatch + Sex","~time + ageclass","~1","~Sex * ageclass","S(~ageclass * cond + ageclass * djfm + ageclass * Hatch + Sex)p(~time + ageclass)r(~1)F(~Sex * ageclass)",41,5046.28826519606,15.15,0,6646.91,1.33923167422218
"~ageclass * cond + djfm + ageclass * Lprev","~time + ageclass","~1","~Sex * ageclass","S(~ageclass * cond + djfm + ageclass * Lprev)p(~time + ageclass)r(~1)F(~Sex * ageclass)",37,5046.43831385054,15.3,0,6658.09,1.33923167422218
"~ageclass * djfm + ageclass * Hatch + Sex","~time + ageclass","~ageclass","~1","S(~ageclass * djfm + ageclass * Hatch + Sex)p(~time + ageclass)r(~ageclass)F(~1)",33,5046.92062482376,15.78,0,6669.68,1.33923167422218
"~ageclass * cond + ageclass * djfm + ageclass * Lprev","~time + ageclass","~ageclass","~Sex * ageclass","S(~ageclass * cond + ageclass * djfm + ageclass * Lprev)p(~time + ageclass)r(~ageclass)F(~Sex * ageclass)",43,5047.56431200329,16.42,0,6643.12,1.33923167422218
"~ageclass * cond + ageclass * djfm + ageclass * Lprev","~time + ageclass","~1","~Sex * ageclass","S(~ageclass * cond + ageclass * djfm + ageclass * Lprev)p(~time + ageclass)r(~1)F(~Sex * ageclass)",40,5048.69216443801,17.55,0,6652.88,1.33923167422218
"~ageclass * cond + ageclass * djfm + Sex + Morph + ageclass * Lprev + ageclass * Ekto","~time + ageclass","~ageclass","~Sex * ageclass","S(~ageclass * cond + ageclass * djfm + Sex + Morph + ageclass * Lprev + ageclass * Ekto)p(~time + ageclass)r(~ageclass)F(~Sex * ageclass)",49,5049.27425237874,18.13,0,6628.88,1.33923167422218
"~ageclass * djfm + ageclass * Hatch + Sex","~time + ageclass","~ageclass","~Sex * ageclass","S(~ageclass * djfm + ageclass * Hatch + Sex)p(~time + ageclass)r(~ageclass)F(~Sex * ageclass)",40,5050.27254820636,19.13,0,6654.99,1.33923167422218
"~ageclass * cond + ageclass * djfm + Sex + Morph + ageclass * Lprev + ageclass * Ekto + ageclass * ageclass * Hatch + ageclass * Rank","~time + ageclass","~ageclass","~1","S(~ageclass * cond + ageclass * djfm + Sex + Morph + ageclass * Lprev + ageclass * Ekto + ageclass * ageclass * Hatch + ageclass * Rank)p(~time + ageclass)r(~ageclass)F(~1)",50,5050.63660720043,19.5,0,6627.94,1.33923167422218
"~ageclass * cond + djfm + ageclass * Lprev","~time + ageclass","~ageclass","~Sex * ageclass","S(~ageclass * cond + djfm + ageclass * Lprev)p(~time + ageclass)r(~ageclass)F(~Sex * ageclass)",40,5051.53386843385,20.39,0,6656.68,1.33923167422218
"~ageclass * cond + ageclass * djfm + Sex + Morph + ageclass * Lprev + ageclass * Ekto","~time + ageclass","~1","~Sex + ageclass","S(~ageclass * cond + ageclass * djfm + Sex + Morph + ageclass * Lprev + ageclass * Ekto)p(~time + ageclass)r(~1)F(~Sex + ageclass)",43,5052.18718653588,21.05,0,6649.31,1.33923167422218
"~ageclass * cond + ageclass * djfm + Sex + Morph + ageclass * Lprev + ageclass * Ekto + ageclass * ageclass * Hatch + ageclass * Rank","~time + ageclass","~ageclass","~Sex + ageclass","S(~ageclass * cond + ageclass * djfm + Sex + Morph + ageclass * Lprev + ageclass * Ekto + ageclass * ageclass * Hatch + ageclass * Rank)p(~time + ageclass)r(~ageclass)F(~Sex + ageclass)",54,5053.61339965766,22.47,0,6620.86,1.33923167422218
"~ageclass * cond + ageclass * djfm + Sex + Morph + ageclass * Lprev + ageclass * Ekto","~time + ageclass","~1","~Sex * ageclass","S(~ageclass * cond + ageclass * djfm + Sex + Morph + ageclass * Lprev + ageclass * Ekto)p(~time + ageclass)r(~1)F(~Sex * ageclass)",46,5054.70116735144,23.56,0,6644.42,1.33923167422218
"~ageclass * cond + ageclass * djfm + Sex + Morph + ageclass * Lprev + ageclass * Ekto + ageclass * ageclass * Hatch + ageclass * Rank","~time + ageclass","~1","~Sex + ageclass","S(~ageclass * cond + ageclass * djfm + Sex + Morph + ageclass * Lprev + ageclass * Ekto + ageclass * ageclass * Hatch + ageclass * Rank)p(~time + ageclass)r(~1)F(~Sex + ageclass)",51,5057.07471294039,25.94,0,6633.8,1.33923167422218
"~ageclass * cond + ageclass * djfm + Sex","~time + ageclass","~1","~1","S(~ageclass * cond + ageclass * djfm + Sex)p(~time + ageclass)r(~1)F(~1)",30,5057.45779568437,26.32,0,6691.99,1.33923167422218
"~ageclass * djfm + Sex","~time + ageclass","~1","~Sex + ageclass","S(~ageclass * djfm + Sex)p(~time + ageclass)r(~1)F(~Sex + ageclass)",30,5058.67244736213,27.53,0,6693.62,1.33923167422218
"~ageclass * cond + Sex","~time + ageclass","~ageclass","~1","S(~ageclass * cond + Sex)p(~time + ageclass)r(~ageclass)F(~1)",29,5060.13596565298,29,0,6698.3,1.33923167422218
"~ageclass * cond + ageclass * djfm + Sex + Morph + ageclass * Lprev + ageclass * Ekto + ageclass * ageclass * Hatch + ageclass * Rank","~time + ageclass","~1","~Sex * ageclass","S(~ageclass * cond + ageclass * djfm + Sex + Morph + ageclass * Lprev + ageclass * Ekto + ageclass * ageclass * Hatch + ageclass * Rank)p(~time + ageclass)r(~1)F(~Sex * ageclass)",54,5060.94626087131,29.81,0,6630.68,1.33923167422218
"~ageclass * cond + djfm + ageclass * Lprev","~time + ageclass","~1","~1","S(~ageclass * cond + djfm + ageclass * Lprev)p(~time + ageclass)r(~1)F(~1)",30,5061.19001027891,30.05,0,6696.99,1.33923167422218
"~ageclass * cond + ageclass * djfm + ageclass * Lprev","~time + ageclass","~1","~1","S(~ageclass * cond + ageclass * djfm + ageclass * Lprev)p(~time + ageclass)r(~1)F(~1)",33,5061.71224033084,30.57,0,6689.49,1.33923167422218
"~ageclass * cond + ageclass * djfm + ageclass * Hatch + Sex","~time + ageclass","~1","~1","S(~ageclass * cond + ageclass * djfm + ageclass * Hatch + Sex)p(~time + ageclass)r(~1)F(~1)",34,5061.73069859098,30.59,0,6686.78,1.33923167422218
"~ageclass * djfm + ageclass * Hatch + Sex","~time + ageclass","~1","~Sex + ageclass","S(~ageclass * djfm + ageclass * Hatch + Sex)p(~time + ageclass)r(~1)F(~Sex + ageclass)",34,5061.7598944357,30.62,0,6686.82,1.33923167422218
"~ageclass * djfm + Sex","~time + ageclass","~1","~Sex * ageclass","S(~ageclass * djfm + Sex)p(~time + ageclass)r(~1)F(~Sex * ageclass)",33,5062.08334863836,30.94,0,6689.99,1.33923167422218
"~ageclass * cond + Sex","~time + ageclass","~ageclass","~Sex + ageclass","S(~ageclass * cond + Sex)p(~time + ageclass)r(~ageclass)F(~Sex + ageclass)",33,5062.45311289165,31.31,0,6690.48,1.33923167422218
"~ageclass * cond + ageclass * djfm + Sex + Morph + ageclass * Lprev + ageclass * Ekto + ageclass * ageclass * Hatch + ageclass * Rank","~time + ageclass","~ageclass","~Sex * ageclass","S(~ageclass * cond + ageclass * djfm + Sex + Morph + ageclass * Lprev + ageclass * Ekto + ageclass * ageclass * Hatch + ageclass * Rank)p(~time + ageclass)r(~ageclass)F(~Sex * ageclass)",57,5064.17297240316,33.03,0,6626.69,1.33923167422218
"~ageclass + Sex","~time + ageclass","~ageclass","~1","S(~ageclass + Sex)p(~time + ageclass)r(~ageclass)F(~1)",25,5065.6631505428,34.52,0,6716.6,1.33923167422218
"~ageclass * djfm + ageclass * Hatch + Sex","~time + ageclass","~1","~Sex * ageclass","S(~ageclass * djfm + ageclass * Hatch + Sex)p(~time + ageclass)r(~1)F(~Sex * ageclass)",37,5065.68203433301,34.54,0,6683.86,1.33923167422218
"~ageclass * cond + ageclass * djfm + Sex + Morph + ageclass * Lprev + ageclass * Ekto + ageclass * ageclass * Hatch + ageclass * Rank * Brood_Size","~time + ageclass","~ageclass","~1","S(~ageclass * cond + ageclass * djfm + Sex + Morph + ageclass * Lprev + ageclass * Ekto + ageclass * ageclass * Hatch + ageclass * Rank * Brood_Size)p(~time + ageclass)r(~ageclass)F(~1)",58,5065.80398545105,34.66,0,6626.1,1.33923167422218
"~ageclass * cond + ageclass * djfm + Sex + Morph + ageclass * Lprev + ageclass * Ekto + ageclass * ageclass * Hatch + ageclass * Rank * Brood_Size","~time + ageclass","~ageclass","~Sex + ageclass","S(~ageclass * cond + ageclass * djfm + Sex + Morph + ageclass * Lprev + ageclass * Ekto + ageclass * ageclass * Hatch + ageclass * Rank * Brood_Size)p(~time + ageclass)r(~ageclass)F(~Sex + ageclass)",62,5066.69055680126,35.55,0,6616.16,1.33923167422218
"~ageclass + Sex","~time + ageclass","~ageclass","~Sex + ageclass","S(~ageclass + Sex)p(~time + ageclass)r(~ageclass)F(~Sex + ageclass)",29,5068.02586267632,36.89,0,6708.87,1.33923167422218
"~ageclass * cond + Sex","~time + ageclass","~ageclass","~Sex * ageclass","S(~ageclass * cond + Sex)p(~time + ageclass)r(~ageclass)F(~Sex * ageclass)",36,5068.58290016187,37.44,0,6690.48,1.33923167422218
"~ageclass * cond + ageclass * djfm + Sex + Morph + ageclass * Lprev + ageclass * Ekto","~time + ageclass","~1","~1","S(~ageclass * cond + ageclass * djfm + Sex + Morph + ageclass * Lprev + ageclass * Ekto)p(~time + ageclass)r(~1)F(~1)",39,5069.80335023076,38.66,0,6683.9,1.33923167422218
"~ageclass * cond + Sex","~time + ageclass","~1","~Sex + ageclass","S(~ageclass * cond + Sex)p(~time + ageclass)r(~1)F(~Sex + ageclass)",30,5069.91590903484,38.78,0,6708.67,1.33923167422218
"~ageclass * cond + ageclass * djfm + Sex + Morph + ageclass * Lprev + ageclass * Ekto + ageclass * ageclass * Hatch + ageclass * Rank * Brood_Size","~time + ageclass","~1","~Sex + ageclass","S(~ageclass * cond + ageclass * djfm + Sex + Morph + ageclass * Lprev + ageclass * Ekto + ageclass * ageclass * Hatch + ageclass * Rank * Brood_Size)p(~time + ageclass)r(~1)F(~Sex + ageclass)",59,5072.22619275925,41.09,0,6631.92,1.33923167422218
"~ageclass * djfm + Sex","~time + ageclass","~1","~1","S(~ageclass * djfm + Sex)p(~time + ageclass)r(~1)F(~1)",26,5073.48773002247,42.35,0,6724.36,1.33923167422218
"~ageclass * cond + Sex","~time + ageclass","~1","~Sex * ageclass","S(~ageclass * cond + Sex)p(~time + ageclass)r(~1)F(~Sex * ageclass)",33,5073.73809090621,42.6,0,6705.6,1.33923167422218
"~ageclass + Sex","~time + ageclass","~ageclass","~Sex * ageclass","S(~ageclass + Sex)p(~time + ageclass)r(~ageclass)F(~Sex * ageclass)",32,5074.1406052188,43,0,6708.87,1.33923167422218
"~ageclass * cond + ageclass * djfm + Sex + Morph + ageclass * Lprev + ageclass * Ekto + ageclass * ageclass * Hatch + ageclass * Rank * Brood_Size","~time + ageclass","~1","~Sex * ageclass","S(~ageclass * cond + ageclass * djfm + Sex + Morph + ageclass * Lprev + ageclass * Ekto + ageclass * ageclass * Hatch + ageclass * Rank * Brood_Size)p(~time + ageclass)r(~1)F(~Sex * ageclass)",62,5075.86006812359,44.72,0,6628.44,1.33923167422218
"~ageclass * cond + ageclass * djfm + Sex","~1","~ageclass","~Sex + ageclass","S(~ageclass * cond + ageclass * djfm + Sex)p(~1)r(~ageclass)F(~Sex + ageclass)",23,5076.16570347699,45.03,0,6736.1,1.33923167422218
"~ageclass * cond + ageclass * djfm + Sex","~1","~ageclass","~1","S(~ageclass * cond + ageclass * djfm + Sex)p(~1)r(~ageclass)F(~1)",19,5076.49138564621,45.35,0,6747.4,1.33923167422218
"~ageclass * cond + ageclass * djfm + Sex + Morph + ageclass * Lprev + ageclass * Ekto + ageclass * ageclass * Hatch + ageclass * Rank","~time + ageclass","~1","~1","S(~ageclass * cond + ageclass * djfm + Sex + Morph + ageclass * Lprev + ageclass * Ekto + ageclass * ageclass * Hatch + ageclass * Rank)p(~time + ageclass)r(~1)F(~1)",47,5076.81548824931,45.68,0,6671.28,1.33923167422218
"~ageclass * djfm + ageclass * Hatch + Sex","~time + ageclass","~1","~1","S(~ageclass * djfm + ageclass * Hatch + Sex)p(~time + ageclass)r(~1)F(~1)",30,5077.09599608407,45.96,0,6718.29,1.33923167422218
"~ageclass * cond + ageclass * djfm + Sex + Morph + ageclass * Lprev + ageclass * Ekto + ageclass * ageclass * Hatch + ageclass * Rank * Brood_Size","~time + ageclass","~ageclass","~Sex * ageclass","S(~ageclass * cond + ageclass * djfm + Sex + Morph + ageclass * Lprev + ageclass * Ekto + ageclass * ageclass * Hatch + ageclass * Rank * Brood_Size)p(~time + ageclass)r(~ageclass)F(~Sex * ageclass)",65,5077.26179021309,46.12,0,6621.96,1.33923167422218
"~ageclass * djfm + Sex","~1","~ageclass","~1","S(~ageclass * djfm + Sex)p(~1)r(~ageclass)F(~1)",15,5080.49688897695,49.36,0,6763.59,1.33923167422218
"~ageclass * cond + ageclass * djfm + ageclass * Lprev","~1","~ageclass","~1","S(~ageclass * cond + ageclass * djfm + ageclass * Lprev)p(~1)r(~ageclass)F(~1)",22,5080.92191801888,49.78,0,6745.19,1.33923167422218
"~ageclass * djfm + Sex","~1","~ageclass","~Sex + ageclass","S(~ageclass * djfm + Sex)p(~1)r(~ageclass)F(~Sex + ageclass)",19,5081.05855659783,49.92,0,6753.51,1.33923167422218
"~ageclass * cond + ageclass * djfm + Sex","~1","~ageclass","~Sex * ageclass","S(~ageclass * cond + ageclass * djfm + Sex)p(~1)r(~ageclass)F(~Sex * ageclass)",26,5081.37038408688,50.23,0,6734.92,1.33923167422218
"~ageclass * cond + djfm + ageclass * Lprev","~1","~ageclass","~1","S(~ageclass * cond + djfm + ageclass * Lprev)p(~1)r(~ageclass)F(~1)",19,5083.03715376739,51.9,0,6756.16,1.33923167422218
"~ageclass * cond + ageclass * djfm + ageclass * Hatch + Sex","~1","~ageclass","~1","S(~ageclass * cond + ageclass * djfm + ageclass * Hatch + Sex)p(~1)r(~ageclass)F(~1)",23,5083.19286702244,52.05,0,6745.52,1.33923167422218
"~ageclass * cond + djfm + ageclass * Lprev","~1","~1","~Sex + ageclass","S(~ageclass * cond + djfm + ageclass * Lprev)p(~1)r(~1)F(~Sex + ageclass)",20,5083.32219985646,52.18,0,6753.83,1.33923167422218
"~ageclass * cond + ageclass * djfm + ageclass * Hatch + Sex","~1","~ageclass","~Sex + ageclass","S(~ageclass * cond + ageclass * djfm + ageclass * Hatch + Sex)p(~1)r(~ageclass)F(~Sex + ageclass)",27,5083.41670194342,52.28,0,6734.93,1.33923167422218
"~ageclass * cond + ageclass * djfm + Sex","~1","~1","~Sex + ageclass","S(~ageclass * cond + ageclass * djfm + Sex)p(~1)r(~1)F(~Sex + ageclass)",20,5083.93531259551,52.8,0,6754.65,1.33923167422218
"~ageclass * cond + djfm + ageclass * Lprev","~1","~ageclass","~Sex + ageclass","S(~ageclass * cond + djfm + ageclass * Lprev)p(~1)r(~ageclass)F(~Sex + ageclass)",23,5085.8348296254,54.7,0,6749.05,1.33923167422218
"~ageclass * djfm + Sex","~1","~ageclass","~Sex * ageclass","S(~ageclass * djfm + Sex)p(~1)r(~ageclass)F(~Sex * ageclass)",22,5086.00647518032,54.87,0,6752,1.33923167422218
"~ageclass * cond + ageclass * djfm + ageclass * Lprev","~1","~ageclass","~Sex + ageclass","S(~ageclass * cond + ageclass * djfm + ageclass * Lprev)p(~1)r(~ageclass)F(~Sex + ageclass)",26,5086.10130564583,54.96,0,6741.25,1.33923167422218
"~ageclass * cond + ageclass * djfm + Sex + Morph + ageclass * Lprev + ageclass * Ekto","~1","~ageclass","~Sex + ageclass","S(~ageclass * cond + ageclass * djfm + Sex + Morph + ageclass * Lprev + ageclass * Ekto)p(~1)r(~ageclass)F(~Sex + ageclass)",32,5086.50478411236,55.37,0,6725.43,1.33923167422218
"~ageclass * cond + ageclass * djfm + Sex + Morph + ageclass * Lprev + ageclass * Ekto","~1","~ageclass","~1","S(~ageclass * cond + ageclass * djfm + Sex + Morph + ageclass * Lprev + ageclass * Ekto)p(~1)r(~ageclass)F(~1)",28,5086.59215270309,55.45,0,6736.46,1.33923167422218
"~ageclass * djfm + ageclass * Hatch + Sex","~1","~ageclass","~1","S(~ageclass * djfm + ageclass * Hatch + Sex)p(~1)r(~ageclass)F(~1)",19,5087.04026995945,55.9,0,6761.52,1.33923167422218
"~ageclass * cond + ageclass * djfm + Sex","~1","~1","~Sex * ageclass","S(~ageclass * cond + ageclass * djfm + Sex)p(~1)r(~1)F(~Sex * ageclass)",23,5087.17895852755,56.04,0,6750.85,1.33923167422218
"~ageclass * cond + Sex","~time + ageclass","~1","~1","S(~ageclass * cond + Sex)p(~time + ageclass)r(~1)F(~1)",26,5087.66488873627,56.53,0,6743.35,1.33923167422218
"~ageclass * djfm + ageclass * Hatch + Sex","~1","~ageclass","~Sex + ageclass","S(~ageclass * djfm + ageclass * Hatch + Sex)p(~1)r(~ageclass)F(~Sex + ageclass)",23,5088.09493148698,56.96,0,6752.08,1.33923167422218
"~ageclass + Sex","~time + ageclass","~1","~Sex + ageclass","S(~ageclass + Sex)p(~time + ageclass)r(~1)F(~Sex + ageclass)",26,5088.12186717531,56.98,0,6743.96,1.33923167422218
"~ageclass * cond + ageclass * djfm + ageclass * Lprev","~1","~1","~Sex + ageclass","S(~ageclass * cond + ageclass * djfm + ageclass * Lprev)p(~1)r(~1)F(~Sex + ageclass)",23,5088.2810083285,57.14,0,6752.33,1.33923167422218
"~ageclass * cond + djfm + ageclass * Lprev","~1","~1","~Sex * ageclass","S(~ageclass * cond + djfm + ageclass * Lprev)p(~1)r(~1)F(~Sex * ageclass)",23,5088.44811907141,57.31,0,6752.55,1.33923167422218
"~ageclass * cond + ageclass * djfm + ageclass * Hatch + Sex","~1","~1","~Sex + ageclass","S(~ageclass * cond + ageclass * djfm + ageclass * Hatch + Sex)p(~1)r(~1)F(~Sex + ageclass)",24,5088.71318990186,57.57,0,6750.19,1.33923167422218
"~ageclass * cond + ageclass * djfm + ageclass * Hatch + Sex","~1","~ageclass","~Sex * ageclass","S(~ageclass * cond + ageclass * djfm + ageclass * Hatch + Sex)p(~1)r(~ageclass)F(~Sex * ageclass)",30,5088.79225469377,57.65,0,6733.95,1.33923167422218
"~ageclass * cond + djfm + ageclass * Lprev","~1","~ageclass","~Sex * ageclass","S(~ageclass * cond + djfm + ageclass * Lprev)p(~1)r(~ageclass)F(~Sex * ageclass)",26,5091.10245677518,59.96,0,6747.95,1.33923167422218
"~ageclass * cond + ageclass * djfm + ageclass * Lprev","~1","~ageclass","~Sex * ageclass","S(~ageclass * cond + ageclass * djfm + ageclass * Lprev)p(~1)r(~ageclass)F(~Sex * ageclass)",29,5091.23626054721,60.1,0,6739.95,1.33923167422218
"~ageclass * cond + ageclass * djfm + Sex + Morph + ageclass * Lprev + ageclass * Ekto","~1","~ageclass","~Sex * ageclass","S(~ageclass * cond + ageclass * djfm + Sex + Morph + ageclass * Lprev + ageclass * Ekto)p(~1)r(~ageclass)F(~Sex * ageclass)",35,5091.91434942393,60.77,0,6724.47,1.33923167422218
"~1","~time + ageclass","~ageclass","~Sex + ageclass","S(~1)p(~time + ageclass)r(~ageclass)F(~Sex + ageclass)",25,5091.92044468903,60.78,0,6751.77,1.33923167422218
"~ageclass * cond + ageclass * djfm + Sex + Morph + ageclass * Lprev + ageclass * Ekto + ageclass * ageclass * Hatch + ageclass * Rank * Brood_Size","~time + ageclass","~1","~1","S(~ageclass * cond + ageclass * djfm + Sex + Morph + ageclass * Lprev + ageclass * Ekto + ageclass * ageclass * Hatch + ageclass * Rank * Brood_Size)p(~time + ageclass)r(~1)F(~1)",55,5092.11798221901,60.98,0,6669.66,1.33923167422218
"~ageclass + Sex","~time + ageclass","~1","~Sex * ageclass","S(~ageclass + Sex)p(~time + ageclass)r(~1)F(~Sex * ageclass)",29,5092.26782217063,61.13,0,6741.34,1.33923167422218
"~ageclass * cond + ageclass * djfm + ageclass * Hatch + Sex","~1","~1","~Sex * ageclass","S(~ageclass * cond + ageclass * djfm + ageclass * Hatch + Sex)p(~1)r(~1)F(~Sex * ageclass)",27,5092.43508183428,61.3,0,6747.01,1.33923167422218
"~ageclass * djfm + ageclass * Hatch + Sex","~1","~ageclass","~Sex * ageclass","S(~ageclass * djfm + ageclass * Hatch + Sex)p(~1)r(~ageclass)F(~Sex * ageclass)",26,5093.27930194403,62.14,0,6750.86,1.33923167422218
"~ageclass * cond + ageclass * djfm + ageclass * Lprev","~1","~1","~Sex * ageclass","S(~ageclass * cond + ageclass * djfm + ageclass * Lprev)p(~1)r(~1)F(~Sex * ageclass)",26,5093.42371310434,62.28,0,6751.06,1.33923167422218
"~ageclass * cond + ageclass * djfm + Sex + Morph + ageclass * Lprev + ageclass * Ekto + ageclass * ageclass * Hatch + ageclass * Rank","~1","~ageclass","~1","S(~ageclass * cond + ageclass * djfm + Sex + Morph + ageclass * Lprev + ageclass * Ekto + ageclass * ageclass * Hatch + ageclass * Rank)p(~1)r(~ageclass)F(~1)",36,5095.72921151321,64.59,0,6726.84,1.33923167422218
"~ageclass * cond + ageclass * djfm + Sex + Morph + ageclass * Lprev + ageclass * Ekto","~1","~1","~Sex + ageclass","S(~ageclass * cond + ageclass * djfm + Sex + Morph + ageclass * Lprev + ageclass * Ekto)p(~1)r(~1)F(~Sex + ageclass)",29,5096.38212151559,65.24,0,6746.85,1.33923167422218
"~ageclass * cond + ageclass * djfm + Sex + Morph + ageclass * Lprev + ageclass * Ekto + ageclass * ageclass * Hatch + ageclass * Rank","~1","~ageclass","~Sex + ageclass","S(~ageclass * cond + ageclass * djfm + Sex + Morph + ageclass * Lprev + ageclass * Ekto + ageclass * ageclass * Hatch + ageclass * Rank)p(~1)r(~ageclass)F(~Sex + ageclass)",40,5096.50547503432,65.37,0,6716.91,1.33923167422218
"~1","~time + ageclass","~ageclass","~Sex * ageclass","S(~1)p(~time + ageclass)r(~ageclass)F(~Sex * ageclass)",28,5097.23056596216,66.09,0,6750.71,1.33923167422218
"~ageclass * cond + ageclass * djfm + Sex + Morph + ageclass * Lprev + ageclass * Ekto","~1","~1","~Sex * ageclass","S(~ageclass * cond + ageclass * djfm + Sex + Morph + ageclass * Lprev + ageclass * Ekto)p(~1)r(~1)F(~Sex * ageclass)",32,5098.96580958033,67.83,0,6742.12,1.33923167422218
"~ageclass * cond + ageclass * djfm + Sex + Morph + ageclass * Lprev + ageclass * Ekto + ageclass * ageclass * Hatch + ageclass * Rank","~1","~1","~Sex + ageclass","S(~ageclass * cond + ageclass * djfm + Sex + Morph + ageclass * Lprev + ageclass * Ekto + ageclass * ageclass * Hatch + ageclass * Rank)p(~1)r(~1)F(~Sex + ageclass)",37,5101.74054529083,70.6,0,6732.15,1.33923167422218
"~ageclass * cond + ageclass * djfm + Sex + Morph + ageclass * Lprev + ageclass * Ekto + ageclass * ageclass * Hatch + ageclass * Rank","~1","~ageclass","~Sex * ageclass","S(~ageclass * cond + ageclass * djfm + Sex + Morph + ageclass * Lprev + ageclass * Ekto + ageclass * ageclass * Hatch + ageclass * Rank)p(~1)r(~ageclass)F(~Sex * ageclass)",43,5102.29636577029,71.16,0,6716.42,1.33923167422218
"~ageclass + Sex","~time + ageclass","~1","~1","S(~ageclass + Sex)p(~time + ageclass)r(~1)F(~1)",22,5102.30126600707,71.16,0,6773.82,1.33923167422218
"~ageclass * cond + Sex","~1","~ageclass","~Sex + ageclass","S(~ageclass * cond + Sex)p(~1)r(~ageclass)F(~Sex + ageclass)",19,5102.34516484398,71.21,0,6782.02,1.33923167422218
"~ageclass * cond + Sex","~1","~ageclass","~1","S(~ageclass * cond + Sex)p(~1)r(~ageclass)F(~1)",15,5102.67064768621,71.53,0,6793.28,1.33923167422218
"~ageclass * djfm + Sex","~1","~1","~Sex + ageclass","S(~ageclass * djfm + Sex)p(~1)r(~1)F(~Sex + ageclass)",16,5103.40093105212,72.26,0,6791.56,1.33923167422218
"~ageclass * cond + ageclass * djfm + Sex + Morph + ageclass * Lprev + ageclass * Ekto + ageclass * ageclass * Hatch + ageclass * Rank","~1","~1","~Sex * ageclass","S(~ageclass * cond + ageclass * djfm + Sex + Morph + ageclass * Lprev + ageclass * Ekto + ageclass * ageclass * Hatch + ageclass * Rank)p(~1)r(~1)F(~Sex * ageclass)",40,5105.16663517805,74.03,0,6728.51,1.33923167422218
"~ageclass + Sex","~1","~ageclass","~1","S(~ageclass + Sex)p(~1)r(~ageclass)F(~1)",11,5106.17574162631,75.04,0,6808.78,1.33923167422218
"~ageclass + Sex","~1","~ageclass","~Sex + ageclass","S(~ageclass + Sex)p(~1)r(~ageclass)F(~Sex + ageclass)",15,5106.95945007235,75.82,0,6799.03,1.33923167422218
"~ageclass * djfm + Sex","~1","~1","~Sex * ageclass","S(~ageclass * djfm + Sex)p(~1)r(~1)F(~Sex * ageclass)",19,5107.06854476529,75.93,0,6788.35,1.33923167422218
"~ageclass * cond + Sex","~1","~1","~Sex + ageclass","S(~ageclass * cond + Sex)p(~1)r(~1)F(~Sex + ageclass)",16,5107.2309629269,76.09,0,6796.69,1.33923167422218
"~ageclass * cond + Sex","~1","~ageclass","~Sex * ageclass","S(~ageclass * cond + Sex)p(~1)r(~ageclass)F(~Sex * ageclass)",22,5107.46840783413,76.33,0,6780.74,1.33923167422218
"~ageclass * djfm + ageclass * Hatch + Sex","~1","~1","~Sex + ageclass","S(~ageclass * djfm + ageclass * Hatch + Sex)p(~1)r(~1)F(~Sex + ageclass)",20,5107.80235562865,76.66,0,6786.62,1.33923167422218
"~ageclass * cond + ageclass * djfm + Sex + Morph + ageclass * Lprev + ageclass * Ekto + ageclass * ageclass * Hatch + ageclass * Rank * Brood_Size","~1","~ageclass","~1","S(~ageclass * cond + ageclass * djfm + Sex + Morph + ageclass * Lprev + ageclass * Ekto + ageclass * ageclass * Hatch + ageclass * Rank * Brood_Size)p(~1)r(~ageclass)F(~1)",44,5108.60670295992,77.47,0,6722.12,1.33923167422218
"~ageclass * cond + ageclass * djfm + Sex + Morph + ageclass * Lprev + ageclass * Ekto + ageclass * ageclass * Hatch + ageclass * Rank * Brood_Size","~1","~ageclass","~Sex + ageclass","S(~ageclass * cond + ageclass * djfm + Sex + Morph + ageclass * Lprev + ageclass * Ekto + ageclass * ageclass * Hatch + ageclass * Rank * Brood_Size)p(~1)r(~ageclass)F(~Sex + ageclass)",48,5109.2111532425,78.07,0,6711.91,1.33923167422218
"~ageclass * cond + Sex","~1","~1","~Sex * ageclass","S(~ageclass * cond + Sex)p(~1)r(~1)F(~Sex * ageclass)",19,5110.92366565242,79.78,0,6793.51,1.33923167422218
"~ageclass * djfm + ageclass * Hatch + Sex","~1","~1","~Sex * ageclass","S(~ageclass * djfm + ageclass * Hatch + Sex)p(~1)r(~1)F(~Sex * ageclass)",23,5111.86923477808,80.73,0,6783.92,1.33923167422218
"~ageclass + Sex","~1","~ageclass","~Sex * ageclass","S(~ageclass + Sex)p(~1)r(~ageclass)F(~Sex * ageclass)",18,5112.46000593028,81.32,0,6798.28,1.33923167422218
"~ageclass * cond + ageclass * djfm + Sex + Morph + ageclass * Lprev + ageclass * Ekto + ageclass * ageclass * Hatch + ageclass * Rank * Brood_Size","~1","~1","~Sex + ageclass","S(~ageclass * cond + ageclass * djfm + Sex + Morph + ageclass * Lprev + ageclass * Ekto + ageclass * ageclass * Hatch + ageclass * Rank * Brood_Size)p(~1)r(~1)F(~Sex + ageclass)",45,5115.05278734916,83.91,0,6728,1.33923167422218
"~ageclass * cond + ageclass * djfm + Sex + Morph + ageclass * Lprev + ageclass * Ekto + ageclass * ageclass * Hatch + ageclass * Rank * Brood_Size","~1","~1","~Sex * ageclass","S(~ageclass * cond + ageclass * djfm + Sex + Morph + ageclass * Lprev + ageclass * Ekto + ageclass * ageclass * Hatch + ageclass * Rank * Brood_Size)p(~1)r(~1)F(~Sex * ageclass)",48,5118.18936084574,87.05,0,6723.93,1.33923167422218
"~ageclass * cond + ageclass * djfm + Sex + Morph + ageclass * Lprev + ageclass * Ekto + ageclass * ageclass * Hatch + ageclass * Rank * Brood_Size","~1","~ageclass","~Sex * ageclass","S(~ageclass * cond + ageclass * djfm + Sex + Morph + ageclass * Lprev + ageclass * Ekto + ageclass * ageclass * Hatch + ageclass * Rank * Brood_Size)p(~1)r(~ageclass)F(~Sex * ageclass)",51,5119.51237896152,88.37,0,6717.42,1.33923167422218
"~1","~1","~ageclass","~Sex + ageclass","S(~1)p(~1)r(~ageclass)F(~Sex + ageclass)",11,5125.6699042141,94.53,0,6834.89,1.33923167422218
"~1","~time + ageclass","~1","~Sex + ageclass","S(~1)p(~time + ageclass)r(~1)F(~Sex + ageclass)",22,5125.70931451981,94.57,0,6805.17,1.33923167422218
"~ageclass + Sex","~1","~1","~Sex + ageclass","S(~ageclass + Sex)p(~1)r(~1)F(~Sex + ageclass)",12,5125.82134830557,94.68,0,6832.39,1.33923167422218
"~ageclass + Sex","~1","~1","~Sex * ageclass","S(~ageclass + Sex)p(~1)r(~1)F(~Sex * ageclass)",15,5130.24944582168,99.11,0,6830.22,1.33923167422218
"~1","~1","~ageclass","~Sex * ageclass","S(~1)p(~1)r(~ageclass)F(~Sex * ageclass)",14,5130.93732801863,99.8,0,6833.84,1.33923167422218
"~1","~time + ageclass","~1","~Sex * ageclass","S(~1)p(~time + ageclass)r(~1)F(~Sex * ageclass)",25,5131.32326125596,100.18,0,6804.54,1.33923167422218
"~1","~time + ageclass","~ageclass","~1","S(~1)p(~time + ageclass)r(~ageclass)F(~1)",21,5140.83323702054,109.69,0,6828.14,1.33923167422218
"~ageclass * cond + ageclass * djfm + Sex","~1","~1","~1","S(~ageclass * cond + ageclass * djfm + Sex)p(~1)r(~1)F(~1)",16,5158.75110042669,127.61,0,6865.68,1.33923167422218
"~ageclass * cond + djfm + ageclass * Lprev","~1","~1","~1","S(~ageclass * cond + djfm + ageclass * Lprev)p(~1)r(~1)F(~1)",16,5159.75869308297,128.62,0,6867.03,1.33923167422218
"~ageclass * cond + ageclass * djfm + ageclass * Lprev","~1","~1","~1","S(~ageclass * cond + ageclass * djfm + ageclass * Lprev)p(~1)r(~1)F(~1)",19,5162.48748491476,131.35,0,6862.56,1.33923167422218
"~1","~1","~1","~Sex + ageclass","S(~1)p(~1)r(~1)F(~Sex + ageclass)",8,5164.77704004554,133.64,0,6895.35,1.33923167422218
"~ageclass * cond + ageclass * djfm + ageclass * Hatch + Sex","~1","~1","~1","S(~ageclass * cond + ageclass * djfm + ageclass * Hatch + Sex)p(~1)r(~1)F(~1)",20,5165.60497595941,134.47,0,6864.03,1.33923167422218
"~ageclass * djfm + Sex","~1","~1","~1","S(~ageclass * djfm + Sex)p(~1)r(~1)F(~1)",12,5168.0733358363,136.93,0,6888.98,1.33923167422218
"~ageclass * cond + ageclass * djfm + Sex + Morph + ageclass * Lprev + ageclass * Ekto","~1","~1","~1","S(~ageclass * cond + ageclass * djfm + Sex + Morph + ageclass * Lprev + ageclass * Ekto)p(~1)r(~1)F(~1)",25,5169.72430940162,138.58,0,6855.96,1.33923167422218
"~1","~1","~1","~Sex * ageclass","S(~1)p(~1)r(~1)F(~Sex * ageclass)",11,5170.48567519328,139.35,0,6894.91,1.33923167422218
"~1","~time + ageclass","~1","~1","S(~1)p(~time + ageclass)r(~1)F(~1)",18,5170.54009879038,139.4,0,6876.06,1.33923167422218
"~ageclass * djfm + ageclass * Hatch + Sex","~1","~1","~1","S(~ageclass * djfm + ageclass * Hatch + Sex)p(~1)r(~1)F(~1)",16,5174.45368602467,143.31,0,6886.71,1.33923167422218
"~ageclass * cond + ageclass * djfm + Sex + Morph + ageclass * Lprev + ageclass * Ekto + ageclass * ageclass * Hatch + ageclass * Rank","~1","~1","~1","S(~ageclass * cond + ageclass * djfm + Sex + Morph + ageclass * Lprev + ageclass * Ekto + ageclass * ageclass * Hatch + ageclass * Rank)p(~1)r(~1)F(~1)",33,5179.27113848895,148.13,0,6846.93,1.33923167422218
"~ageclass * cond + Sex","~1","~1","~1","S(~ageclass * cond + Sex)p(~1)r(~1)F(~1)",12,5186.78869366605,155.65,0,6914.04,1.33923167422218
"~ageclass * cond + ageclass * djfm + Sex + Morph + ageclass * Lprev + ageclass * Ekto + ageclass * ageclass * Hatch + ageclass * Rank * Brood_Size","~1","~1","~1","S(~ageclass * cond + ageclass * djfm + Sex + Morph + ageclass * Lprev + ageclass * Ekto + ageclass * ageclass * Hatch + ageclass * Rank * Brood_Size)p(~1)r(~1)F(~1)",41,5193.70413341368,162.56,0,6844.34,1.33923167422218
"~ageclass + Sex","~1","~1","~1","S(~ageclass + Sex)p(~1)r(~1)F(~1)",8,5194.16456182952,163.02,0,6934.7,1.33923167422218
"~1","~1","~ageclass","~1","S(~1)p(~1)r(~ageclass)F(~1)",7,5250.52796667711,219.39,0,7012.88,1.33923167422218
"~1","~1","~1","~1","S(~1)p(~1)r(~1)F(~1)",4,5283.90352603059,252.76,0,7065.64,1.33923167422218
